,generation,A,B,C,D
0,-0.0, 0.05, 0.02, 0.05
1,0.04, 0.04, 0.04, 0.04
2,0.03, 0.03, 0.12, 0.05
3,-0.01, 0.03, 0.14, 0.1
4,-0.01, 0.15, 0.09, 0.07
5,-0.01, 0.12, 0.03, 0.05
6,-0.06, 0.16, 0.07, 0.09
7,-0.12, 0.15, 0.02, 0.08
8,-0.18, 0.19, 0.05, 0.13
9,-0.2, 0.2, 0.05, 0.19
10,-0.29, 0.23, 0.07, 0.26
11,-0.3, 0.23, -0.0, 0.25
12,-0.31, 0.19, 0.01, 0.31
13,-0.32, 0.18, 0.02, 0.32
14,-0.27, 0.19, -0.03, 0.32
15,-0.29, 0.19, -0.09, 0.34
16,-0.33, 0.21, -0.09, 0.29
17,-0.29, 0.21, -0.08, 0.24
18,-0.31, 0.19, -0.03, 0.26
19,-0.3, 0.21, -0.04, 0.25
20,-0.22, 0.22, -0.06, 0.32
21,-0.22, 0.28, -0.08, 0.3
22,-0.21, 0.29, -0.13, 0.33
23,-0.14, 0.22, -0.15, 0.35
24,-0.08, 0.2, -0.18, 0.4
25,-0.09, 0.21, -0.18, 0.43
26,-0.15, 0.23, -0.12, 0.46
27,-0.16, 0.22, -0.14, 0.49
28,-0.15, 0.19, -0.1, 0.52
29,-0.15, 0.17, -0.06, 0.45
30,-0.25, 0.14, -0.08, 0.46
31,-0.22, 0.1, -0.08, 0.5
32,-0.13, 0.15, -0.08, 0.52
33,-0.04, 0.17, -0.08, 0.5
34,-0.09, 0.14, -0.1, 0.45
35,-0.11, 0.14, -0.1, 0.43
36,-0.15, 0.16, -0.04, 0.39
37,-0.15, 0.1, -0.01, 0.43
38,-0.16, 0.07, 0.03, 0.42
39,-0.17, 0.11, 0.03, 0.43
40,-0.18, 0.05, 0.09, 0.44
41,-0.17, 0.02, 0.12, 0.44
42,-0.16, 0.02, 0.14, 0.45
43,-0.13, 0.04, 0.16, 0.43
44,-0.16, 0.01, 0.17, 0.44
45,-0.14, -0.01, 0.15, 0.42
46,-0.16, 0.01, 0.07, 0.41
47,-0.15, 0.01, 0.05, 0.38
48,-0.15, 0.05, 0.06, 0.39
49,-0.12, -0.0, 0.08, 0.27
50,-0.1, 0.03, 0.06, 0.31
51,-0.17, 0.04, 0.05, 0.29
52,-0.12, -0.03, 0.09, 0.3
53,-0.13, -0.02, 0.16, 0.35
54,-0.09, -0.07, 0.21, 0.36
55,-0.09, -0.1, 0.15, 0.45
56,-0.07, -0.08, 0.16, 0.38
57,-0.08, -0.11, 0.19, 0.37
58,-0.14, -0.09, 0.21, 0.38
59,-0.14, -0.05, 0.2, 0.37
60,-0.16, -0.02, 0.22, 0.35
61,-0.16, -0.03, 0.24, 0.39
62,-0.15, -0.07, 0.29, 0.35
63,-0.14, -0.05, 0.29, 0.36
64,-0.12, -0.12, 0.25, 0.35
65,-0.12, -0.14, 0.25, 0.42
66,-0.12, -0.23, 0.27, 0.44
67,-0.09, -0.28, 0.24, 0.48
68,-0.1, -0.27, 0.23, 0.53
69,-0.1, -0.26, 0.14, 0.54
70,-0.12, -0.25, 0.17, 0.52
71,-0.1, -0.25, 0.14, 0.53
72,-0.04, -0.23, 0.13, 0.57
73,-0.02, -0.25, 0.14, 0.56
74,-0.03, -0.26, 0.13, 0.56
75,-0.07, -0.27, 0.1, 0.57
76,-0.0, -0.27, 0.09, 0.61
77,0.06, -0.24, 0.08, 0.61
78,0.1, -0.23, 0.11, 0.62
79,0.04, -0.26, 0.05, 0.63
80,0.06, -0.26, 0.09, 0.62
81,0.07, -0.3, 0.14, 0.59
82,0.08, -0.32, 0.08, 0.57
83,0.08, -0.32, 0.08, 0.52
84,0.14, -0.27, 0.06, 0.54
85,0.13, -0.24, 0.09, 0.44
86,0.17, -0.27, 0.09, 0.48
87,0.14, -0.27, 0.06, 0.48
88,0.18, -0.25, 0.13, 0.52
89,0.12, -0.3, 0.1, 0.51
90,0.14, -0.3, 0.13, 0.47
91,0.09, -0.24, 0.14, 0.48
92,0.11, -0.22, 0.16, 0.44
93,0.1, -0.19, 0.23, 0.49
94,0.06, -0.25, 0.25, 0.5
95,0.06, -0.22, 0.25, 0.53
96,0.07, -0.2, 0.17, 0.56
97,0.08, -0.19, 0.18, 0.57
98,0.11, -0.17, 0.18, 0.56
99,0.13, -0.09, 0.17, 0.54
100,0.12, -0.13, 0.17, 0.6
101,0.08, -0.16, 0.13, 0.59
102,0.08, -0.16, 0.11, 0.56
103,0.1, -0.16, 0.09, 0.56
104,0.1, -0.14, 0.08, 0.59
105,0.11, -0.13, 0.03, 0.6
106,0.01, -0.14, 0.02, 0.59
107,-0.01, -0.15, 0.02, 0.54
108,0.08, -0.15, 0.05, 0.58
109,0.09, -0.18, 0.08, 0.59
110,0.06, -0.18, 0.09, 0.61
111,0.12, -0.2, 0.15, 0.56
112,0.16, -0.16, 0.17, 0.52
113,0.19, -0.12, 0.19, 0.47
114,0.14, -0.13, 0.12, 0.52
115,0.14, -0.13, 0.11, 0.55
116,0.18, -0.05, 0.07, 0.48
117,0.18, -0.07, 0.11, 0.47
118,0.17, -0.07, 0.09, 0.43
119,0.1, -0.12, 0.07, 0.45
120,0.12, -0.09, 0.1, 0.4
121,0.08, -0.1, 0.11, 0.42
122,0.07, -0.1, 0.15, 0.41
123,0.08, -0.12, 0.17, 0.36
124,0.1, -0.1, 0.14, 0.41
125,0.07, -0.06, 0.06, 0.41
126,0.1, -0.07, 0.05, 0.37
127,0.13, -0.08, 0.05, 0.37
128,0.1, -0.12, 0.08, 0.38
129,0.08, -0.12, 0.05, 0.4
130,0.06, -0.11, 0.03, 0.44
131,0.09, -0.14, 0.03, 0.42
132,0.05, -0.18, 0.02, 0.43
133,0.1, -0.14, 0.01, 0.41
134,0.07, -0.14, 0.05, 0.41
135,0.02, -0.13, 0.04, 0.39
136,0.07, -0.11, 0.05, 0.41
137,0.06, -0.08, 0.08, 0.37
138,0.02, -0.05, 0.07, 0.41
139,0.02, -0.06, 0.1, 0.39
140,0.09, -0.07, 0.09, 0.4
141,0.09, -0.09, 0.05, 0.39
142,0.06, -0.07, 0.02, 0.39
143,0.07, -0.06, 0.03, 0.34
144,0.09, -0.08, 0.06, 0.38
145,0.13, -0.05, 0.07, 0.36
146,0.13, -0.03, 0.11, 0.36
147,0.15, -0.06, 0.13, 0.36
148,0.15, -0.05, 0.1, 0.37
149,0.16, -0.03, 0.01, 0.33
150,0.06, -0.05, 0.03, 0.32
151,0.12, -0.05, 0.03, 0.31
152,0.14, -0.06, 0.06, 0.35
153,0.07, -0.07, 0.05, 0.37
154,0.07, -0.13, 0.07, 0.34
155,0.08, -0.13, 0.05, 0.35
156,0.11, -0.13, 0.02, 0.37
157,0.09, -0.18, 0.01, 0.43
158,0.08, -0.2, 0.04, 0.46
159,0.08, -0.18, 0.07, 0.43
160,0.15, -0.19, 0.01, 0.45
161,0.09, -0.19, 0.03, 0.42
162,0.12, -0.18, 0.07, 0.44
163,0.14, -0.17, 0.1, 0.43
164,0.12, -0.21, 0.08, 0.46
165,0.13, -0.2, 0.09, 0.4
166,0.21, -0.21, 0.1, 0.35
167,0.24, -0.23, 0.06, 0.32
168,0.27, -0.18, 0.04, 0.32
169,0.22, -0.2, 0.07, 0.31
170,0.21, -0.21, 0.09, 0.33
171,0.32, -0.23, 0.09, 0.33
172,0.38, -0.2, 0.07, 0.33
173,0.37, -0.21, 0.08, 0.33
174,0.42, -0.23, 0.02, 0.36
175,0.38, -0.19, -0.01, 0.32
176,0.37, -0.21, 0.02, 0.31
177,0.38, -0.24, -0.02, 0.31
178,0.39, -0.21, -0.03, 0.33
179,0.36, -0.18, -0.02, 0.35
180,0.34, -0.18, 0.05, 0.37
181,0.33, -0.16, 0.04, 0.38
182,0.41, -0.12, 0.02, 0.38
183,0.43, -0.14, -0.01, 0.38
184,0.42, -0.18, -0.04, 0.37
185,0.41, -0.17, -0.07, 0.34
186,0.4, -0.13, -0.11, 0.37
187,0.39, -0.12, -0.11, 0.38
188,0.39, -0.11, -0.12, 0.41
189,0.4, -0.09, -0.12, 0.4
190,0.37, -0.11, -0.12, 0.41
191,0.38, -0.08, -0.11, 0.41
192,0.38, -0.09, -0.08, 0.39
193,0.37, -0.14, -0.1, 0.41
194,0.37, -0.14, -0.05, 0.46
195,0.35, -0.15, -0.0, 0.43
196,0.37, -0.18, -0.04, 0.44
197,0.38, -0.17, -0.05, 0.4
198,0.33, -0.2, -0.06, 0.39
199,0.27, -0.22, -0.07, 0.39
200,0.29, -0.23, -0.09, 0.41
201,0.31, -0.22, -0.14, 0.45
202,0.31, -0.25, -0.16, 0.42
203,0.3, -0.24, -0.2, 0.42
204,0.28, -0.27, -0.23, 0.42
205,0.32, -0.26, -0.23, 0.42
206,0.32, -0.28, -0.23, 0.35
207,0.28, -0.3, -0.29, 0.34
208,0.3, -0.31, -0.28, 0.37
209,0.29, -0.3, -0.23, 0.38
210,0.26, -0.27, -0.23, 0.41
211,0.25, -0.28, -0.25, 0.39
212,0.24, -0.3, -0.28, 0.36
213,0.22, -0.28, -0.29, 0.34
214,0.14, -0.26, -0.29, 0.37
215,0.13, -0.25, -0.29, 0.4
216,0.03, -0.25, -0.31, 0.4
217,0.09, -0.24, -0.37, 0.4
218,0.04, -0.23, -0.35, 0.41
219,0.02, -0.25, -0.33, 0.42
220,0.04, -0.26, -0.37, 0.46
221,0.07, -0.27, -0.32, 0.46
222,0.08, -0.26, -0.31, 0.48
223,0.07, -0.25, -0.28, 0.48
224,0.09, -0.22, -0.23, 0.46
225,0.09, -0.21, -0.24, 0.44
226,0.1, -0.24, -0.13, 0.45
227,0.1, -0.25, -0.13, 0.45
228,0.15, -0.26, -0.14, 0.46
229,0.17, -0.29, -0.07, 0.47
230,0.11, -0.29, -0.11, 0.46
231,0.09, -0.27, -0.08, 0.45
232,0.06, -0.27, -0.04, 0.44
233,0.04, -0.3, -0.01, 0.45
234,0.03, -0.3, 0.02, 0.42
235,-0.01, -0.27, -0.01, 0.33
236,0.03, -0.24, 0.01, 0.3
237,0.07, -0.22, 0.05, 0.28
238,0.04, -0.23, 0.05, 0.33
239,0.05, -0.23, 0.1, 0.32
240,0.06, -0.25, 0.1, 0.28
241,0.04, -0.24, 0.1, 0.29
242,0.07, -0.21, 0.04, 0.32
243,0.12, -0.2, 0.06, 0.37
244,0.09, -0.19, 0.02, 0.38
245,0.07, -0.2, 0.05, 0.38
246,0.06, -0.25, 0.06, 0.4
247,0.08, -0.22, 0.08, 0.39
248,0.08, -0.23, 0.07, 0.37
249,0.06, -0.23, 0.1, 0.35
250,0.04, -0.22, 0.12, 0.36
251,0.06, -0.21, 0.08, 0.35
252,0.1, -0.22, 0.13, 0.3
253,0.05, -0.25, 0.14, 0.29
254,0.04, -0.23, 0.15, 0.28
255,0.09, -0.21, 0.17, 0.29
256,0.17, -0.19, 0.16, 0.3
257,0.18, -0.17, 0.1, 0.29
258,0.2, -0.18, 0.08, 0.28
259,0.25, -0.14, 0.07, 0.27
260,0.15, -0.11, 0.02, 0.26
261,0.14, -0.11, 0.03, 0.28
262,0.11, -0.13, 0.07, 0.27
263,0.03, -0.12, 0.06, 0.28
264,-0.02, -0.11, -0.0, 0.29
265,-0.04, -0.11, -0.02, 0.28
266,0.0, -0.1, -0.0, 0.28
267,0.08, -0.11, 0.04, 0.27
268,0.09, -0.1, 0.09, 0.28
269,0.12, -0.09, 0.12, 0.29
270,0.14, -0.11, 0.12, 0.27
271,0.19, -0.1, 0.07, 0.29
272,0.24, -0.07, 0.09, 0.3
273,0.24, -0.09, 0.09, 0.31
274,0.39, -0.11, 0.07, 0.3
275,0.38, -0.1, 0.05, 0.32
276,0.39, -0.1, 0.02, 0.32
277,0.42, -0.13, 0.08, 0.34
278,0.41, -0.14, 0.06, 0.34
279,0.42, -0.15, 0.05, 0.36
280,0.39, -0.15, 0.06, 0.35
281,0.44, -0.17, 0.06, 0.35
282,0.42, -0.16, 0.04, 0.35
283,0.38, -0.16, 0.06, 0.34
284,0.29, -0.13, 0.03, 0.35
285,0.27, -0.16, 0.11, 0.36
286,0.3, -0.15, 0.12, 0.35
287,0.31, -0.13, 0.08, 0.36
288,0.36, -0.08, 0.13, 0.38
289,0.38, -0.08, 0.1, 0.42
290,0.36, -0.08, 0.12, 0.43
291,0.35, -0.08, 0.1, 0.45
292,0.39, -0.09, 0.12, 0.43
293,0.37, -0.1, 0.15, 0.41
294,0.35, -0.09, 0.12, 0.4
295,0.3, -0.08, 0.16, 0.43
296,0.39, -0.06, 0.13, 0.43
297,0.36, -0.01, 0.14, 0.45
298,0.32, -0.01, 0.14, 0.46
299,0.32, -0.03, 0.17, 0.46
300,0.34, 0.01, 0.2, 0.47
301,0.34, 0.02, 0.18, 0.45
302,0.37, 0.0, 0.17, 0.43
303,0.4, -0.02, 0.17, 0.44
304,0.41, 0.0, 0.18, 0.41
305,0.45, 0.04, 0.22, 0.42
306,0.43, 0.07, 0.23, 0.43
307,0.42, 0.07, 0.19, 0.44
308,0.37, 0.09, 0.18, 0.43
309,0.35, 0.06, 0.26, 0.45
310,0.39, 0.02, 0.22, 0.45
311,0.35, 0.03, 0.23, 0.44
312,0.36, 0.04, 0.22, 0.45
313,0.31, 0.04, 0.27, 0.46
314,0.29, 0.02, 0.3, 0.45
315,0.2, 0.04, 0.29, 0.47
316,0.2, 0.05, 0.23, 0.47
317,0.2, 0.07, 0.21, 0.47
318,0.25, 0.07, 0.19, 0.47
319,0.25, 0.1, 0.19, 0.47
320,0.3, 0.11, 0.14, 0.46
321,0.32, 0.1, 0.17, 0.45
322,0.35, 0.07, 0.24, 0.48
323,0.31, 0.09, 0.23, 0.49
324,0.25, 0.1, 0.23, 0.49
325,0.19, 0.08, 0.27, 0.5
326,0.12, 0.05, 0.25, 0.48
327,0.08, 0.03, 0.25, 0.5
328,0.06, 0.01, 0.23, 0.52
329,0.12, 0.03, 0.23, 0.5
330,0.18, 0.04, 0.22, 0.5
331,0.23, 0.03, 0.25, 0.48
332,0.25, 0.04, 0.24, 0.49
333,0.32, 0.06, 0.24, 0.48
334,0.33, 0.05, 0.33, 0.5
335,0.41, 0.03, 0.36, 0.54
336,0.45, -0.01, 0.35, 0.55
337,0.5, -0.04, 0.32, 0.55
338,0.51, -0.06, 0.37, 0.55
339,0.46, -0.02, 0.38, 0.54
340,0.46, -0.05, 0.34, 0.54
341,0.44, -0.06, 0.38, 0.56
342,0.38, -0.09, 0.43, 0.58
343,0.32, -0.05, 0.39, 0.57
344,0.37, -0.1, 0.4, 0.55
345,0.32, -0.09, 0.41, 0.54
346,0.32, -0.11, 0.45, 0.54
347,0.35, -0.12, 0.45, 0.54
348,0.32, -0.1, 0.48, 0.52
349,0.37, -0.04, 0.48, 0.51
350,0.4, 0.05, 0.57, 0.49
351,0.37, 0.05, 0.57, 0.51
352,0.36, 0.04, 0.55, 0.51
353,0.36, 0.05, 0.59, 0.5
354,0.36, 0.03, 0.46, 0.52
355,0.38, 0.03, 0.53, 0.5
356,0.29, 0.06, 0.45, 0.49
357,0.23, 0.05, 0.45, 0.49
358,0.19, 0.07, 0.36, 0.49
359,0.2, 0.06, 0.4, 0.5
360,0.22, 0.05, 0.4, 0.5
361,0.2, 0.03, 0.43, 0.5
362,0.23, 0.04, 0.5, 0.51
363,0.31, 0.04, 0.58, 0.5
364,0.33, 0.03, 0.58, 0.48
365,0.37, 0.01, 0.59, 0.48
366,0.31, -0.01, 0.6, 0.47
367,0.39, -0.04, 0.56, 0.48
368,0.41, -0.01, 0.58, 0.49
369,0.43, 0.02, 0.62, 0.5
370,0.47, 0.06, 0.62, 0.5
371,0.46, 0.09, 0.61, 0.49
372,0.41, 0.06, 0.65, 0.5
373,0.36, 0.05, 0.55, 0.49
374,0.39, 0.08, 0.56, 0.49
375,0.36, 0.05, 0.65, 0.5
376,0.35, 0.08, 0.66, 0.5
377,0.33, 0.04, 0.64, 0.49
378,0.35, 0.02, 0.67, 0.46
379,0.29, 0.01, 0.66, 0.46
380,0.27, -0.02, 0.66, 0.45
381,0.29, 0.0, 0.64, 0.45
382,0.26, 0.0, 0.61, 0.46
383,0.25, 0.02, 0.53, 0.47
384,0.24, 0.03, 0.56, 0.45
385,0.23, 0.08, 0.57, 0.44
386,0.17, 0.07, 0.56, 0.44
387,0.12, 0.03, 0.52, 0.43
388,0.12, 0.04, 0.5, 0.43
389,0.12, 0.01, 0.48, 0.43
390,0.15, 0.04, 0.47, 0.41
391,0.12, 0.07, 0.43, 0.42
392,0.1, 0.09, 0.4, 0.43
393,0.09, 0.1, 0.39, 0.43
394,0.14, 0.1, 0.45, 0.44
395,0.12, 0.07, 0.44, 0.45
396,0.15, 0.04, 0.45, 0.43
397,0.18, 0.04, 0.41, 0.43
398,0.16, 0.02, 0.42, 0.43
399,0.1, 0.02, 0.45, 0.44
400,0.08, -0.01, 0.45, 0.43
401,0.06, -0.03, 0.36, 0.42
402,0.12, -0.04, 0.33, 0.44
403,0.13, -0.03, 0.29, 0.44
404,0.11, -0.02, 0.29, 0.45
405,0.1, -0.03, 0.25, 0.46
406,0.07, -0.04, 0.24, 0.44
407,0.11, -0.01, 0.28, 0.44
408,0.14, -0.01, 0.22, 0.42
409,0.14, -0.04, 0.24, 0.41
410,0.11, -0.05, 0.3, 0.41
411,0.08, -0.02, 0.27, 0.43
412,0.05, -0.01, 0.28, 0.43
413,0.12, -0.01, 0.22, 0.42
414,0.14, -0.02, 0.2, 0.41
415,0.11, -0.02, 0.15, 0.41
416,0.11, -0.05, 0.08, 0.4
417,0.15, -0.03, 0.11, 0.39
418,0.12, -0.04, 0.1, 0.39
419,0.14, -0.06, 0.1, 0.38
420,0.11, -0.05, 0.05, 0.39
421,0.15, -0.03, 0.09, 0.39
422,0.17, -0.04, 0.12, 0.39
423,0.19, -0.06, 0.09, 0.4
424,0.2, -0.08, -0.02, 0.41
425,0.2, -0.1, -0.03, 0.42
426,0.19, -0.1, 0.04, 0.42
427,0.19, -0.08, 0.06, 0.44
428,0.2, -0.08, 0.06, 0.43
429,0.22, -0.09, 0.09, 0.44
430,0.25, -0.09, 0.07, 0.43
431,0.22, -0.11, 0.13, 0.46
432,0.18, -0.13, 0.14, 0.44
433,0.19, -0.15, 0.11, 0.43
434,0.16, -0.22, 0.16, 0.43
435,0.22, -0.22, 0.11, 0.43
436,0.17, -0.21, 0.14, 0.43
437,0.14, -0.23, 0.1, 0.43
438,0.07, -0.24, 0.11, 0.44
439,0.02, -0.24, 0.15, 0.41
440,0.06, -0.2, 0.2, 0.42
441,0.1, -0.17, 0.2, 0.44
442,0.1, -0.17, 0.24, 0.47
443,0.18, -0.15, 0.27, 0.48
444,0.15, -0.15, 0.2, 0.48
445,0.19, -0.14, 0.22, 0.47
446,0.2, -0.15, 0.23, 0.48
447,0.18, -0.14, 0.29, 0.5
448,0.16, -0.14, 0.29, 0.49
449,0.14, -0.14, 0.24, 0.49
450,0.12, -0.14, 0.26, 0.49
451,0.16, -0.15, 0.25, 0.5
452,0.12, -0.13, 0.22, 0.51
453,0.13, -0.13, 0.2, 0.51
454,0.1, -0.16, 0.25, 0.51
455,0.07, -0.2, 0.26, 0.5
456,0.11, -0.22, 0.27, 0.5
457,0.12, -0.2, 0.24, 0.51
458,0.14, -0.2, 0.28, 0.53
459,0.12, -0.23, 0.23, 0.54
460,0.15, -0.21, 0.22, 0.54
461,0.23, -0.22, 0.19, 0.53
462,0.25, -0.24, 0.24, 0.53
463,0.27, -0.27, 0.24, 0.55
464,0.27, -0.24, 0.23, 0.57
465,0.28, -0.21, 0.21, 0.58
466,0.27, -0.21, 0.19, 0.59
467,0.25, -0.19, 0.18, 0.59
468,0.28, -0.21, 0.24, 0.6
469,0.28, -0.22, 0.28, 0.59
470,0.23, -0.21, 0.29, 0.59
471,0.24, -0.24, 0.26, 0.58
472,0.33, -0.23, 0.29, 0.57
473,0.36, -0.25, 0.35, 0.56
474,0.35, -0.25, 0.27, 0.56
475,0.37, -0.26, 0.22, 0.56
476,0.32, -0.29, 0.21, 0.55
477,0.22, -0.31, 0.17, 0.56
478,0.24, -0.32, 0.22, 0.58
479,0.2, -0.34, 0.21, 0.57
480,0.17, -0.36, 0.17, 0.57
481,0.2, -0.35, 0.16, 0.56
482,0.18, -0.33, 0.22, 0.55
483,0.18, -0.35, 0.24, 0.54
484,0.29, -0.33, 0.24, 0.53
485,0.24, -0.34, 0.27, 0.51
486,0.32, -0.35, 0.24, 0.52
487,0.33, -0.36, 0.28, 0.51
488,0.37, -0.37, 0.26, 0.52
489,0.37, -0.38, 0.22, 0.54
490,0.36, -0.38, 0.18, 0.56
491,0.39, -0.37, 0.23, 0.53
492,0.38, -0.36, 0.18, 0.54
493,0.38, -0.35, 0.17, 0.53
494,0.4, -0.36, 0.15, 0.52
495,0.42, -0.37, 0.18, 0.53
496,0.46, -0.36, 0.14, 0.5
497,0.51, -0.32, 0.08, 0.51
498,0.51, -0.31, 0.15, 0.51
499,0.5, -0.32, 0.15, 0.5
500,0.48, -0.34, 0.12, 0.5
501,0.44, -0.32, 0.14, 0.48
502,0.41, -0.32, 0.15, 0.49
503,0.44, -0.33, 0.13, 0.49
504,0.44, -0.34, 0.15, 0.49
505,0.46, -0.35, 0.12, 0.47
506,0.46, -0.37, 0.13, 0.49
507,0.44, -0.37, 0.14, 0.48
508,0.4, -0.38, 0.13, 0.47
509,0.4, -0.4, 0.15, 0.45
510,0.39, -0.41, 0.11, 0.48
511,0.41, -0.43, 0.14, 0.48
512,0.42, -0.41, 0.05, 0.46
513,0.43, -0.38, 0.09, 0.46
514,0.43, -0.36, 0.1, 0.46
515,0.43, -0.35, 0.07, 0.42
516,0.4, -0.36, 0.15, 0.43
517,0.39, -0.38, 0.17, 0.43
518,0.41, -0.39, 0.19, 0.43
519,0.41, -0.37, 0.17, 0.42
520,0.41, -0.35, 0.12, 0.4
521,0.42, -0.35, 0.14, 0.42
522,0.4, -0.36, 0.16, 0.43
523,0.4, -0.38, 0.21, 0.42
524,0.42, -0.39, 0.26, 0.44
525,0.42, -0.4, 0.34, 0.42
526,0.45, -0.41, 0.32, 0.39
527,0.47, -0.41, 0.33, 0.38
528,0.51, -0.42, 0.3, 0.38
529,0.54, -0.43, 0.3, 0.35
530,0.53, -0.42, 0.25, 0.37
531,0.53, -0.42, 0.27, 0.37
532,0.52, -0.41, 0.28, 0.34
533,0.51, -0.39, 0.3, 0.38
534,0.5, -0.39, 0.32, 0.35
535,0.54, -0.41, 0.27, 0.34
536,0.51, -0.39, 0.29, 0.35
537,0.48, -0.39, 0.27, 0.35
538,0.45, -0.36, 0.28, 0.36
539,0.45, -0.35, 0.28, 0.39
540,0.48, -0.35, 0.28, 0.39
541,0.53, -0.34, 0.31, 0.39
542,0.53, -0.34, 0.31, 0.4
543,0.59, -0.32, 0.29, 0.41
544,0.6, -0.32, 0.33, 0.38
545,0.67, -0.32, 0.34, 0.35
546,0.67, -0.31, 0.3, 0.34
547,0.69, -0.31, 0.36, 0.33
548,0.75, -0.31, 0.32, 0.34
549,0.74, -0.33, 0.34, 0.32
550,0.74, -0.31, 0.35, 0.27
551,0.75, -0.33, 0.35, 0.26
552,0.77, -0.31, 0.37, 0.29
553,0.76, -0.29, 0.37, 0.27
554,0.78, -0.28, 0.33, 0.24
555,0.77, -0.28, 0.33, 0.22
556,0.79, -0.28, 0.32, 0.19
557,0.82, -0.27, 0.31, 0.17
558,0.83, -0.26, 0.32, 0.16
559,0.83, -0.25, 0.34, 0.15
560,0.86, -0.25, 0.38, 0.14
561,0.85, -0.24, 0.34, 0.15
562,0.9, -0.23, 0.34, 0.14
563,0.89, -0.25, 0.36, 0.15
564,0.86, -0.25, 0.32, 0.14
565,0.84, -0.26, 0.29, 0.14
566,0.83, -0.27, 0.29, 0.15
567,0.85, -0.27, 0.3, 0.16
568,0.81, -0.26, 0.31, 0.15
569,0.82, -0.26, 0.31, 0.13
570,0.82, -0.27, 0.36, 0.14
571,0.86, -0.27, 0.34, 0.12
572,0.85, -0.28, 0.3, 0.1
573,0.83, -0.26, 0.3, 0.1
574,0.83, -0.28, 0.32, 0.11
575,0.86, -0.31, 0.27, 0.11
576,0.87, -0.29, 0.26, 0.11
577,0.83, -0.28, 0.27, 0.1
578,0.8, -0.28, 0.27, 0.1
579,0.76, -0.27, 0.27, 0.09
580,0.78, -0.28, 0.25, 0.09
581,0.74, -0.29, 0.25, 0.1
582,0.74, -0.29, 0.25, 0.11
583,0.72, -0.28, 0.25, 0.1
584,0.77, -0.3, 0.25, 0.08
585,0.76, -0.31, 0.28, 0.08
586,0.77, -0.3, 0.28, 0.07
587,0.83, -0.3, 0.3, 0.08
588,0.84, -0.32, 0.29, 0.09
589,0.86, -0.35, 0.31, 0.09
590,0.88, -0.37, 0.31, 0.09
591,0.84, -0.35, 0.29, 0.08
592,0.84, -0.34, 0.28, 0.08
593,0.86, -0.34, 0.29, 0.09
594,0.85, -0.34, 0.28, 0.09
595,0.85, -0.33, 0.29, 0.06
596,0.86, -0.32, 0.26, 0.01
597,0.83, -0.32, 0.3, -0.02
598,0.88, -0.32, 0.31, -0.04
599,0.91, -0.34, 0.34, -0.04
600,0.93, -0.34, 0.33, -0.05
601,0.88, -0.32, 0.36, -0.06
602,0.82, -0.32, 0.34, -0.07
603,0.85, -0.32, 0.35, -0.04
604,0.81, -0.32, 0.31, -0.04
605,0.81, -0.3, 0.31, -0.03
606,0.83, -0.31, 0.31, -0.03
607,0.8, -0.31, 0.37, -0.04
608,0.77, -0.33, 0.36, -0.01
609,0.79, -0.35, 0.36, -0.01
610,0.81, -0.37, 0.39, -0.03
611,0.84, -0.34, 0.4, -0.01
612,0.79, -0.33, 0.4, -0.01
613,0.77, -0.33, 0.43, -0.01
614,0.77, -0.35, 0.4, 0.0
615,0.77, -0.38, 0.45, -0.02
616,0.79, -0.38, 0.46, -0.01
617,0.79, -0.38, 0.47, -0.03
618,0.75, -0.39, 0.45, -0.02
619,0.77, -0.39, 0.46, -0.05
620,0.73, -0.39, 0.48, -0.05
621,0.73, -0.4, 0.46, -0.05
622,0.75, -0.41, 0.49, -0.02
623,0.78, -0.41, 0.46, 0.01
624,0.78, -0.4, 0.46, 0.01
625,0.81, -0.4, 0.45, 0.02
626,0.82, -0.44, 0.46, 0.03
627,0.85, -0.46, 0.41, 0.05
628,0.83, -0.43, 0.48, 0.04
629,0.81, -0.45, 0.49, 0.05
630,0.78, -0.43, 0.49, 0.05
631,0.77, -0.44, 0.48, 0.05
632,0.76, -0.42, 0.44, 0.08
633,0.79, -0.44, 0.42, 0.07
634,0.78, -0.45, 0.4, 0.08
635,0.77, -0.47, 0.36, 0.08
636,0.79, -0.45, 0.39, 0.07
637,0.83, -0.43, 0.41, 0.06
638,0.83, -0.42, 0.41, 0.05
639,0.86, -0.41, 0.4, 0.05
640,0.86, -0.42, 0.45, 0.04
641,0.84, -0.45, 0.45, 0.04
642,0.88, -0.45, 0.43, 0.04
643,0.86, -0.44, 0.46, 0.05
644,0.85, -0.45, 0.48, 0.02
645,0.77, -0.46, 0.49, 0.01
646,0.77, -0.45, 0.51, 0.02
647,0.8, -0.49, 0.49, 0.04
648,0.79, -0.5, 0.49, 0.02
649,0.86, -0.53, 0.49, 0.01
650,0.89, -0.51, 0.49, 0.01
651,0.83, -0.49, 0.47, 0.03
652,0.88, -0.47, 0.48, 0.05
653,0.86, -0.46, 0.5, 0.06
654,0.89, -0.47, 0.44, 0.07
655,0.89, -0.47, 0.48, 0.07
656,0.89, -0.47, 0.48, 0.06
657,0.87, -0.47, 0.46, 0.05
658,0.87, -0.48, 0.42, 0.07
659,0.86, -0.48, 0.42, 0.06
660,0.84, -0.47, 0.47, 0.05
661,0.85, -0.45, 0.44, 0.08
662,0.83, -0.46, 0.34, 0.07
663,0.79, -0.49, 0.33, 0.07
664,0.79, -0.52, 0.32, 0.07
665,0.77, -0.5, 0.28, 0.06
666,0.78, -0.5, 0.28, 0.05
667,0.86, -0.5, 0.25, 0.06
668,0.84, -0.5, 0.25, 0.06
669,0.84, -0.51, 0.3, 0.05
670,0.85, -0.51, 0.27, 0.05
671,0.84, -0.53, 0.27, 0.05
672,0.86, -0.52, 0.34, 0.05
673,0.85, -0.51, 0.34, 0.04
674,0.83, -0.5, 0.32, 0.04
675,0.85, -0.49, 0.27, 0.05
676,0.89, -0.48, 0.28, 0.05
677,0.92, -0.49, 0.32, 0.04
678,0.89, -0.49, 0.28, 0.02
679,0.85, -0.5, 0.26, 0.02
680,0.85, -0.51, 0.31, 0.05
681,0.82, -0.5, 0.28, 0.06
682,0.79, -0.5, 0.29, 0.06
683,0.76, -0.5, 0.26, 0.05
684,0.77, -0.5, 0.27, 0.06
685,0.79, -0.49, 0.29, 0.06
686,0.8, -0.48, 0.27, 0.08
687,0.81, -0.47, 0.28, 0.11
688,0.77, -0.48, 0.28, 0.14
689,0.72, -0.49, 0.27, 0.14
690,0.73, -0.51, 0.3, 0.14
691,0.73, -0.53, 0.32, 0.16
692,0.73, -0.52, 0.34, 0.14
693,0.77, -0.5, 0.33, 0.13
694,0.77, -0.5, 0.25, 0.13
695,0.78, -0.49, 0.24, 0.12
696,0.78, -0.48, 0.23, 0.12
697,0.77, -0.47, 0.31, 0.12
698,0.78, -0.47, 0.32, 0.15
699,0.8, -0.47, 0.27, 0.16
700,0.75, -0.46, 0.29, 0.16
701,0.74, -0.46, 0.28, 0.14
702,0.7, -0.47, 0.3, 0.15
703,0.73, -0.46, 0.32, 0.16
704,0.65, -0.46, 0.36, 0.13
705,0.69, -0.47, 0.35, 0.13
706,0.64, -0.47, 0.34, 0.13
707,0.62, -0.47, 0.32, 0.1
708,0.62, -0.47, 0.35, 0.07
709,0.63, -0.47, 0.36, 0.06
710,0.66, -0.48, 0.37, 0.05
711,0.67, -0.49, 0.38, 0.04
712,0.66, -0.49, 0.44, 0.01
713,0.68, -0.5, 0.49, -0.0
714,0.67, -0.5, 0.48, 0.01
715,0.68, -0.5, 0.53, 0.01
716,0.69, -0.51, 0.54, 0.03
717,0.71, -0.51, 0.56, 0.04
718,0.71, -0.5, 0.57, 0.05
719,0.7, -0.5, 0.57, 0.01
720,0.68, -0.48, 0.59, 0.01
721,0.63, -0.47, 0.55, -0.01
722,0.61, -0.46, 0.51, 0.0
723,0.64, -0.46, 0.53, -0.01
724,0.62, -0.45, 0.52, -0.01
725,0.63, -0.45, 0.52, 0.01
726,0.63, -0.45, 0.5, 0.01
727,0.63, -0.44, 0.5, -0.02
728,0.65, -0.43, 0.47, -0.01
729,0.69, -0.43, 0.52, -0.05
730,0.69, -0.43, 0.51, -0.05
731,0.71, -0.41, 0.52, -0.05
732,0.71, -0.42, 0.54, -0.07
733,0.72, -0.42, 0.5, -0.04
734,0.68, -0.43, 0.59, -0.01
735,0.65, -0.44, 0.6, 0.0
736,0.69, -0.44, 0.6, 0.0
737,0.66, -0.43, 0.58, -0.0
738,0.62, -0.43, 0.64, -0.0
739,0.6, -0.43, 0.66, -0.0
740,0.62, -0.43, 0.66, 0.01
741,0.65, -0.43, 0.72, 0.02
742,0.67, -0.43, 0.71, 0.01
743,0.65, -0.43, 0.7, 0.01
744,0.63, -0.43, 0.67, -0.0
745,0.66, -0.43, 0.61, -0.01
746,0.67, -0.45, 0.59, -0.02
747,0.68, -0.45, 0.64, -0.0
748,0.71, -0.46, 0.62, 0.01
749,0.67, -0.45, 0.64, 0.01
750,0.65, -0.45, 0.67, 0.03
751,0.68, -0.45, 0.68, 0.02
752,0.7, -0.45, 0.67, 0.0
753,0.71, -0.43, 0.69, 0.01
754,0.69, -0.43, 0.65, 0.04
755,0.68, -0.42, 0.66, 0.04
756,0.67, -0.42, 0.7, 0.07
757,0.69, -0.4, 0.74, 0.06
758,0.71, -0.41, 0.71, 0.06
759,0.67, -0.43, 0.68, 0.04
760,0.64, -0.42, 0.66, 0.04
761,0.66, -0.44, 0.6, 0.05
762,0.71, -0.44, 0.58, 0.07
763,0.72, -0.44, 0.52, 0.1
764,0.71, -0.42, 0.54, 0.1
765,0.75, -0.42, 0.54, 0.1
766,0.72, -0.43, 0.55, 0.08
767,0.73, -0.44, 0.55, 0.07
768,0.74, -0.45, 0.54, 0.09
769,0.77, -0.43, 0.53, 0.08
770,0.76, -0.42, 0.49, 0.1
771,0.79, -0.42, 0.47, 0.1
772,0.81, -0.42, 0.52, 0.09
773,0.85, -0.42, 0.5, 0.09
774,0.88, -0.42, 0.5, 0.09
775,0.85, -0.4, 0.48, 0.05
776,0.86, -0.39, 0.44, 0.03
777,0.91, -0.39, 0.41, 0.03
778,0.95, -0.38, 0.39, 0.04
779,0.97, -0.4, 0.33, 0.04
780,0.97, -0.41, 0.39, 0.05
781,1.01, -0.42, 0.36, 0.07
782,1.04, -0.42, 0.38, 0.08
783,1.05, -0.41, 0.34, 0.1
784,1.0, -0.42, 0.38, 0.09
785,0.99, -0.4, 0.36, 0.1
786,0.97, -0.4, 0.38, 0.08
787,0.91, -0.4, 0.36, 0.07
788,0.88, -0.4, 0.36, 0.1
789,0.87, -0.39, 0.36, 0.12
790,0.88, -0.4, 0.35, 0.13
791,0.82, -0.39, 0.33, 0.13
792,0.84, -0.39, 0.3, 0.14
793,0.8, -0.4, 0.24, 0.14
794,0.81, -0.41, 0.23, 0.15
795,0.81, -0.41, 0.24, 0.15
796,0.84, -0.41, 0.22, 0.16
797,0.84, -0.41, 0.26, 0.15
798,0.82, -0.41, 0.28, 0.15
799,0.77, -0.4, 0.34, 0.13
800,0.76, -0.39, 0.29, 0.12
801,0.76, -0.38, 0.27, 0.11
802,0.77, -0.37, 0.25, 0.1
803,0.86, -0.39, 0.2, 0.11
804,0.84, -0.38, 0.25, 0.12
805,0.83, -0.35, 0.22, 0.13
806,0.84, -0.35, 0.29, 0.14
807,0.85, -0.37, 0.29, 0.13
808,0.86, -0.36, 0.33, 0.13
809,0.87, -0.36, 0.31, 0.14
810,0.86, -0.38, 0.32, 0.13
811,0.91, -0.39, 0.33, 0.14
812,0.91, -0.37, 0.35, 0.13
813,0.89, -0.38, 0.29, 0.13
814,0.86, -0.37, 0.29, 0.13
815,0.88, -0.36, 0.27, 0.13
816,0.86, -0.37, 0.31, 0.1
817,0.9, -0.37, 0.32, 0.09
818,0.9, -0.35, 0.32, 0.11
819,0.91, -0.34, 0.23, 0.13
820,0.89, -0.34, 0.23, 0.14
821,0.91, -0.34, 0.19, 0.16
822,0.89, -0.33, 0.16, 0.16
823,0.87, -0.34, 0.09, 0.17
824,0.85, -0.36, 0.07, 0.17
825,0.86, -0.36, 0.11, 0.18
826,0.88, -0.35, 0.09, 0.2
827,0.93, -0.35, 0.13, 0.22
828,0.88, -0.34, 0.2, 0.21
829,0.91, -0.35, 0.16, 0.23
830,0.93, -0.34, 0.18, 0.21
831,0.92, -0.34, 0.17, 0.21
832,0.93, -0.37, 0.21, 0.22
833,0.99, -0.36, 0.28, 0.22
834,1.03, -0.36, 0.3, 0.23
835,1.05, -0.37, 0.3, 0.22
836,1.05, -0.37, 0.37, 0.24
837,1.04, -0.37, 0.43, 0.23
838,1.08, -0.37, 0.44, 0.24
839,1.03, -0.37, 0.43, 0.25
840,1.03, -0.37, 0.46, 0.25
841,1.06, -0.37, 0.44, 0.25
842,1.06, -0.36, 0.44, 0.26
843,1.07, -0.35, 0.4, 0.25
844,1.08, -0.33, 0.41, 0.25
845,1.01, -0.34, 0.4, 0.23
846,1.02, -0.34, 0.47, 0.22
847,1.0, -0.34, 0.48, 0.23
848,0.99, -0.33, 0.56, 0.25
849,0.98, -0.34, 0.56, 0.25
850,1.01, -0.35, 0.58, 0.24
851,1.01, -0.36, 0.59, 0.23
852,1.0, -0.37, 0.57, 0.24
853,1.04, -0.37, 0.58, 0.25
854,1.05, -0.37, 0.55, 0.25
855,1.03, -0.36, 0.54, 0.26
856,1.06, -0.37, 0.58, 0.22
857,1.02, -0.38, 0.57, 0.2
858,0.97, -0.38, 0.63, 0.2
859,0.93, -0.39, 0.65, 0.18
860,0.89, -0.38, 0.66, 0.18
861,0.89, -0.37, 0.61, 0.22
862,0.91, -0.38, 0.5, 0.21
863,0.92, -0.37, 0.41, 0.22
864,0.95, -0.37, 0.4, 0.19
865,1.0, -0.37, 0.39, 0.21
866,1.03, -0.36, 0.41, 0.21
867,1.0, -0.35, 0.46, 0.21
868,0.99, -0.35, 0.49, 0.19
869,0.97, -0.34, 0.5, 0.18
870,0.98, -0.34, 0.48, 0.19
871,0.97, -0.33, 0.47, 0.21
872,0.96, -0.33, 0.44, 0.22
873,0.98, -0.34, 0.49, 0.19
874,1.0, -0.34, 0.5, 0.2
875,1.0, -0.34, 0.46, 0.22
876,0.98, -0.35, 0.49, 0.2
877,0.98, -0.36, 0.52, 0.19
878,0.94, -0.37, 0.51, 0.19
879,0.91, -0.37, 0.5, 0.19
880,0.88, -0.36, 0.54, 0.2
881,0.88, -0.36, 0.53, 0.2
882,0.94, -0.34, 0.54, 0.18
883,0.92, -0.36, 0.52, 0.19
884,0.92, -0.36, 0.54, 0.2
885,0.95, -0.35, 0.56, 0.21
886,0.94, -0.35, 0.56, 0.21
887,0.92, -0.36, 0.56, 0.21
888,0.89, -0.35, 0.6, 0.2
889,0.88, -0.34, 0.59, 0.21
890,0.87, -0.34, 0.58, 0.19
891,0.91, -0.32, 0.59, 0.16
892,0.9, -0.32, 0.62, 0.15
893,0.91, -0.32, 0.63, 0.15
894,0.96, -0.33, 0.64, 0.15
895,1.01, -0.34, 0.64, 0.15
896,0.98, -0.34, 0.56, 0.15
897,0.98, -0.34, 0.51, 0.15
898,0.99, -0.35, 0.54, 0.15
899,1.01, -0.35, 0.5, 0.14
900,1.04, -0.35, 0.49, 0.13
901,1.07, -0.34, 0.49, 0.14
902,1.1, -0.34, 0.56, 0.15
903,1.11, -0.35, 0.53, 0.17
904,1.12, -0.35, 0.56, 0.17
905,1.15, -0.36, 0.55, 0.16
906,1.13, -0.37, 0.54, 0.16
907,1.1, -0.37, 0.51, 0.15
908,1.05, -0.37, 0.48, 0.17
909,1.08, -0.37, 0.5, 0.15
910,1.09, -0.37, 0.52, 0.13
911,1.13, -0.37, 0.49, 0.14
912,1.17, -0.36, 0.53, 0.15
913,1.15, -0.37, 0.5, 0.13
914,1.21, -0.37, 0.51, 0.11
915,1.16, -0.36, 0.48, 0.08
916,1.16, -0.36, 0.44, 0.1
917,1.18, -0.37, 0.41, 0.11
918,1.16, -0.38, 0.4, 0.16
919,1.18, -0.38, 0.46, 0.16
920,1.18, -0.39, 0.5, 0.2
921,1.16, -0.38, 0.5, 0.2
922,1.18, -0.39, 0.49, 0.2
923,1.22, -0.4, 0.48, 0.22
924,1.27, -0.39, 0.44, 0.21
925,1.29, -0.38, 0.43, 0.19
926,1.27, -0.39, 0.46, 0.17
927,1.26, -0.4, 0.47, 0.17
928,1.33, -0.39, 0.49, 0.17
929,1.3, -0.41, 0.47, 0.18
930,1.34, -0.4, 0.49, 0.18
931,1.36, -0.4, 0.5, 0.17
932,1.37, -0.4, 0.49, 0.17
933,1.31, -0.38, 0.5, 0.19
934,1.31, -0.37, 0.48, 0.17
935,1.35, -0.37, 0.46, 0.17
936,1.32, -0.38, 0.48, 0.19
937,1.36, -0.38, 0.51, 0.18
938,1.36, -0.38, 0.49, 0.21
939,1.37, -0.37, 0.51, 0.21
940,1.36, -0.37, 0.49, 0.2
941,1.35, -0.37, 0.52, 0.19
942,1.32, -0.37, 0.52, 0.2
943,1.32, -0.36, 0.53, 0.18
944,1.36, -0.36, 0.5, 0.18
945,1.37, -0.36, 0.52, 0.19
946,1.36, -0.35, 0.53, 0.16
947,1.35, -0.36, 0.54, 0.16
948,1.36, -0.37, 0.51, 0.17
949,1.35, -0.38, 0.47, 0.17
950,1.32, -0.37, 0.46, 0.18
951,1.32, -0.37, 0.49, 0.19
952,1.33, -0.36, 0.5, 0.21
953,1.32, -0.37, 0.51, 0.19
954,1.29, -0.36, 0.48, 0.18
955,1.35, -0.35, 0.5, 0.18
956,1.4, -0.35, 0.52, 0.16
957,1.46, -0.35, 0.51, 0.18
958,1.47, -0.36, 0.48, 0.17
959,1.47, -0.36, 0.54, 0.17
960,1.44, -0.35, 0.54, 0.17
961,1.43, -0.34, 0.54, 0.16
962,1.45, -0.35, 0.53, 0.16
963,1.46, -0.35, 0.5, 0.14
964,1.46, -0.35, 0.5, 0.13
965,1.47, -0.36, 0.51, 0.09
966,1.4, -0.36, 0.54, 0.08
967,1.45, -0.36, 0.52, 0.08
968,1.43, -0.36, 0.53, 0.08
969,1.39, -0.36, 0.52, 0.09
970,1.29, -0.36, 0.51, 0.12
971,1.39, -0.36, 0.52, 0.12
972,1.33, -0.36, 0.48, 0.15
973,1.38, -0.36, 0.51, 0.15
974,1.39, -0.36, 0.45, 0.12
975,1.43, -0.36, 0.48, 0.13
976,1.4, -0.36, 0.44, 0.12
977,1.34, -0.37, 0.4, 0.11
978,1.36, -0.37, 0.41, 0.09
979,1.3, -0.36, 0.42, 0.09
980,1.28, -0.36, 0.36, 0.09
981,1.19, -0.36, 0.37, 0.08
982,1.19, -0.36, 0.38, 0.06
983,1.18, -0.36, 0.38, 0.07
984,1.16, -0.37, 0.37, 0.07
985,1.22, -0.37, 0.4, 0.11
986,1.21, -0.37, 0.41, 0.13
987,1.26, -0.37, 0.39, 0.13
988,1.27, -0.38, 0.37, 0.12
989,1.23, -0.37, 0.34, 0.11
990,1.21, -0.37, 0.35, 0.1
991,1.17, -0.37, 0.36, 0.1
992,1.21, -0.37, 0.36, 0.1
993,1.15, -0.37, 0.37, 0.11
994,1.14, -0.36, 0.39, 0.12
995,1.24, -0.37, 0.39, 0.12
996,1.17, -0.38, 0.4, 0.12
997,1.14, -0.38, 0.43, 0.12
998,1.11, -0.38, 0.45, 0.14
999,1.04, -0.38, 0.47, 0.14
